ec5_uuid,created_at,uploaded_at,title,2_Scouter_Name,3_Match_number_Ex_36,4_Driveteam_Spot,5_Team_scouted,6_Robot_on_Feild,8_Taxi,8_Auto_High,9_Auto_Low,10_Auto_Additional,11_Auto_notes,13_Tele_High,14_Tele_Low,15_More_Goals,16_Defense_bot,17_Successful_Defens,18_Level_climbed,19_Climb_Time,20_Notes,22_Stop_Responding,23_Robot_broke,24_What_broke,25_Comments_anything,,Skill at defending,Level climbed in #'s,Points from climbing
0b58d88e-f24f-44ea-9701-9c7eb1058174,2022-03-13T16:57:24.577Z,2022-03-13T17:31:02.000Z,MH (ECU) 50 2642,MH (ECU),50,Red 3,2642,,Yes,0,1,,,0,3,,"Yes (mostly effective), Yes (got 1 foul)",,Second Bar,25 seconds,,Did not stop,Another time,Their intake wasn't working around mid match so they switched to defense,,,nul,2,6
,Average,,,,,,,,,0.5690376569,0.1898148148,,,2.957081545,0.7954545455,,,,,29.05128205,,,,,,,nul,nul,nul
68b011a7-26b0-48d2-a843-73b0fb7467c2,2022-03-26T15:06:42.013Z,2022-03-26T17:48:17.000Z,Uditi 587,Uditi,1,Blue 3,587,Yes,Yes,0,0,,,14,0,,Not this match,,Fourth Bar,30 sec,,Did not stop,Didn't break,,,,,,
82d6818a-e0a9-48ff-b776-6b0a063e0764,2022-03-26T18:31:35.773Z,2022-03-27T00:35:20.000Z,Juliana Ramoin 587,Juliana Ramoin,17,Blue 1,587,Yes,Yes,,,,,8,,,Not this match,,Fourth Bar,20,,Did not stop,While defending or being defended by another bot,Piece of lexan fell of due to defense and caused a foul on them,,,,,
040fa3a8-4c0c-4f67-ad8a-07bcf387ec2e,2022-03-26T20:22:51.419Z,2022-03-27T00:36:26.000Z,Rowan 587,Rowan,29,Blue 1,587,Yes,Yes,1,0,,,9,0,,Not this match,,No climb,30,"Fell on their way to fourth bar, tried to go again but ran out of time",Did not stop,Didn't break,,,,,,
c922e11e-c8e6-403a-a072-514e72f63890,2022-03-26T20:14:55.475Z,2022-03-27T00:38:44.000Z,James 587,James,33,Red 1,587,Yes,Yes,1,0,,,9,1,,Not this match,,,,,,,,,,,,
7b57ce0e-c7ff-46d7-a38c-fc5fc75ef4ce,2022-03-26T21:50:16.714Z,2022-03-27T00:39:09.000Z,Duncan 587,Duncan,39,Blue 3,587,Yes,Yes,2,0,,,14,0,,Not this match,,,,Human player ball too,Did not stop,Didn't break,,,,nul,nul,nul
718c168a-6e76-4a79-9553-a98a4d04d99c,2022-03-26T21:26:22.204Z,2022-03-27T00:39:26.000Z,Monica 587,Monica,43,Red 1,587,Yes,Yes,2,0,,,14,1,,Not this match,,No climb,,,Did not stop,Didn't break,,,,nul,0,0
43207f58-5a6f-48a6-b73d-6594591ce2cd,2022-03-26T22:51:30.831Z,2022-03-27T00:37:25.000Z,Ritvik 587,Ritvik,29 (rematch),Blue 1,587,Yes,Yes,0,0,,,9,0,,Not this match,,No climb,,,Did not stop,Didn't break,,,,nul,0,0
afbedfa0-373e-4963-9d21-1af536d8e4d4,2022-03-26T15:15:24.023Z,2022-03-26T17:50:23.000Z,Benjamin Beach 1533,Benjamin Beach,2,Red 3,1533,Yes,Yes,1,0,,,5,0,,"Not this match, Yes (Getting fouls)",Mostly effective,Second Bar,5,,Did not stop,Didn't break,,,,,,
925de985-6b95-4684-9558-d31f7d617549,2022-03-26T16:18:48.640Z,2022-03-26T17:51:42.000Z,Gavin Harway 1533,Gavin Harway,9,Blue 1,1533,Yes,I don't know,2,0,,,0,0,,Yes (Getting fouls),Not Effective,Fourth Bar,70,Something in the robot wasn't functioning right,Did not stop,Didn't break,,Did a lot of defense. The bot was driving weird and did not shoot at all in teleop.,,,,
1d833346-4e25-41bd-bcc5-183938779032,2022-03-26T16:44:29.342Z,2022-03-26T17:47:47.000Z,Audi 1533,Audi,12,Blue 2,1533,Yes,Yes,1,0,,,11,,,Not this match,,Second Bar,30,Bouncing out,Did not stop,Didn't break,,,,,,
20acc073-7c1f-4fd4-abcf-8d92e01b63e1,2022-03-26T18:13:45.910Z,2022-03-27T00:37:47.000Z,Laith 1533,Laith,21,Red 1,1533,Yes,Yes,1,0,,Couldn't tell how many was theirs,13,0,,,,Second Bar,"Very fast, almost got 3rd",,Did not stop,Didn't break,,"Impressive turret, misses sometimes but very rarely, prioritized shooting over climbing",,,,
e03e3c9d-b260-4d60-a1b2-c44e01ae1f40,2022-03-26T19:00:17.871Z,2022-03-27T00:38:01.000Z,Ritvik 1533,Ritvik,26,Red 1,1533,Yes,Yes,2,0,,,12,0,,Not this match,,Third Bar,13,,Did not stop,Didn't break,,,,,,
f66bcbea-6d33-41e4-9b7c-146cdf735013,2022-03-26T20:49:19.640Z,2022-03-27T00:37:54.000Z,Benjamin Beach 1533,Benjamin Beach,31,Red 2,1533,Yes,Yes,1,0,,,16,,,Not this match,,Second Bar,5,,Did not stop,Didn't break,,,,nul,2,6
81147841-416c-4ee2-840f-9568c55475ca,2022-03-26T21:34:23.984Z,2022-03-27T00:37:48.000Z,Duncan 1533,Duncan,37,Blue 3,1533,Yes,Yes,1,0,,,11,0,,Not this match,,No climb,,,Did not stop,Didn't break,,,,nul,0,0
74bf257e-71e3-418a-8626-7df69df9fd8b,2022-03-26T22:34:40.845Z,2022-03-27T00:38:10.000Z,Angela 1533,Angela,45,Blue 3,1533,Yes,Yes,2,,,,6,,,,,Second Bar,10,,Did not stop,Didn't break,,,,nul,2,6
d6a54d51-2d14-4b9c-94b7-dc7a3ac3e35a,2022-03-26T14:31:32.001Z,2022-03-26T17:47:13.000Z,Anoop 1533,Anoop,Practice 6,Blue 2,1533,Yes,Yes,0,0,,,,1,,Not this match,Not Effective,Second Bar,30,Trouble picking up balls,Did not stop,Didn't break,,,,,,
0dca5d23-58aa-473a-b864-8e34556b858f,2022-03-26T15:07:56.576Z,2022-03-26T17:47:16.000Z,Anoop 2059,Anoop,1,Blue 2,2059,Yes,Yes,1,,,,0,0,,Not this match,Not Effective,No climb,,"Looks like they planned on climbing, but the other two robots did it instead",Did not stop,Didn't break,,Did not do much in teleop or endgame,,,,
3261ac6e-b9e6-4b91-b2e7-d8ea41f2ad48,2022-03-26T16:22:05.049Z,2022-03-26T17:51:17.000Z,Ann 2059,Ann,9,Red 2,2059,Yes,Yes,0,0,,,2,0,,Not this match,,Third Bar,,,Did not stop,Didn't break,,,,,,
c29bc4de-8641-410e-a846-5f9c9b7ca633,2022-03-26T16:44:57.988Z,2022-03-26T17:51:57.000Z,Gavin.H 2059,Gavin.H,12,Blue 1,2059,Yes,Yes,0,0,,,2,,,Not this match,,No climb,60,Fell off of high bar,Did not stop,When climbing,Climber and drivetrain stopped working after falling from high,,,,,
d32ebee4-5118-4173-b773-5e03cb79e2a9,2022-03-26T18:58:13.156Z,2022-03-27T00:36:39.000Z,James 2059,James,19,Red 2,2059,Yes,Yes,2,0,,,5,0,,Not this match,,,,,Did not stop,When climbing,Climber arm fell (robot fell from bar and climber may have broke),No balls were missed (some bounced out though). Not a huge amount of shooting,,,,
6eda93c0-ef8a-450e-a4db-9a93c9a4241a,2022-03-26T19:44:49.751Z,2022-03-27T00:37:10.000Z,Monica 2059,Monica,25,Blue 3,2059,Yes,Yes,1,0,,,4,0,,Not this match,Not Effective,Third Bar,,,Did not stop,Didn't break,,,,,,
05edcdd2-c8bb-438b-a99d-e74ec20692d0,2022-03-26T19:28:40.404Z,2022-03-27T00:38:26.000Z,Duncan 2059,Duncan,29,Red 1,2059,Yes,Yes,1,0,,,3,0,,Not this match,,Fourth Bar,35,,Did not stop,Didn't break,,,,,,
f69e197f-8889-412e-9b3c-5487d99e667e,2022-03-26T20:53:31.088Z,2022-03-27T00:34:39.000Z,Sowji 2059,Sowji,32,Blue 2,2059,Yes,Yes,,,,,1,,,Not this match,,Fourth Bar,,,Did not stop,Didn't break,,,,nul,4,15
d6a69361-a7fa-4e40-944a-ed18ef640f2d,2022-03-26T21:41:16.422Z,2022-03-27T00:34:47.000Z,Gavin.H 2059,Gavin.H,38,Red 3,2059,Yes,Yes,1,0,,,3,0,,Not this match,,Second Bar,,They were hounded by a defense bot,Did not stop,Didn't break,,,,nul,2,6
414bc845-3002-4fc0-9283-e8b8f296f79b,2022-03-26T22:26:01.027Z,2022-03-27T00:34:59.000Z,Gavin.H 2059,Gavin.H,44,Red 3,2059,Yes,No,0,0,,,0,0,,Yes (Getting fouls),,Third Bar,40,,Did not stop,Didn't break,,,,nul,3,10
5bf8a523-1cda-4b15-81b0-38ca8585431d,2022-03-26T21:58:03.674Z,2022-03-27T00:39:54.000Z,Ann 2059,Ann,29 rematch,Red 1,2059,Yes,No,0,0,,,4,0,,Not this match,,Third Bar,,,Did not stop,Didn't break,,,,nul,3,10
64d3a58f-9f1b-49bd-880b-a159eb99f9c7,2022-03-26T13:25:16.116Z,2022-03-26T17:51:03.000Z,Caehlin 2059,Caehlin,Practice 5,Red 1,2059,Yes,Yes,2,,,,5,,,Not this match,,No climb,60,"Takes about 10 seconds to pick up a ball and shoot high. Very consistent shooting, intake takes a bit of time to pick up.",Did not stop,Didn't break,,"Tried to climb but appeared to get stuck on the second bar, robot tilted/wedged.",,,,
2feb94cf-ffc8-4e02-a588-c97cd49f1049,2022-03-26T15:23:29.125Z,2022-03-26T15:39:52.000Z,Flynn 2640,Flynn,3,Red bot (Not sure which),2640,Yes,No,0,0,,,,3,,Not this match,,First Bar (lowest),10,,Did not stop,Didn't break,,"Lots of misses, easily defended (wobbly/low power shots)",,,,
24251aed-bacc-43a0-983e-390189bb6739,2022-03-26T15:22:56.632Z,2022-03-26T17:50:28.000Z,Benjamin Beach 2640,Benjamin Beach,3,Red 3,2640,Yes,No,0,0,,,0,3,,Not this match,,No climb,,,Did not stop,Didn't break,,,,,,
357f2c9a-16dd-430d-8f2e-ea261fd699bb,2022-03-26T16:01:06.606Z,2022-03-26T17:51:04.000Z,Caehlin 2640,Caehlin,7,Red 3,2640,Yes,Yes,,1,,,0,0,,Yes (Getting fouls),"Not Effective, Avoids Fouls",Second Bar,15,So incredibly top heavy omg. Kept missing low goal. Played defensive briefly but not very effective,Did not stop,Didn't break,,,,,,
6def0e27-ff85-4dac-941c-c682c44c9484,2022-03-26T16:54:10.340Z,2022-03-26T17:51:45.000Z,Bhavya 2640,Bhavya,13,Red 3,2640,Yes,Yes,0,1,,,0,5,,Not this match,,Second Bar,22,Barely off the ground (used everybot),Did not stop,Didn't break,,,,,,
0ba42289-5e41-48e1-a492-9447f58a4b9a,2022-03-26T19:04:52.508Z,2022-03-27T00:36:41.000Z,James 2640,James,20,Red 2,2640,Yes,Yes,0,0,,,0,3,,Not this match,,No climb,"Fast climb, but it didn't get it the ground",Many balls missed out goal,Did not stop,Didn't break,,"Fast, good intake",,,,
594557f9-16d4-48fb-9369-5e172ab565f2,2022-03-26T19:44:48.915Z,2022-03-27T00:34:19.000Z,Anoop 2640,Anoop,25,Blue 2,2640,Yes,Yes,,1,,,0,8,,Not this match,,Second Bar,14,,Did not stop,Didn't break,,,,,,
0f77931d-1b7e-4930-b532-8a21afaafed5,2022-03-26T21:42:18.399Z,2022-03-27T00:37:06.000Z,Alex 2640,Alex,38,Blue 1,2640,Yes,Yes,0,0,,,0,6,,Not this match,,No climb,,,Did not stop,Didn't break,,,,nul,0,0
81166028-e9f2-4513-bc7c-9d3ec8ee24bb,2022-03-26T22:19:52.497Z,2022-03-27T00:37:17.000Z,Ann 2640,Ann,43,Blue 1,2640,Yes,Yes,0,0,,,,9,,Not this match,,Second Bar,Less than 30,,,,,,,nul,2,6
db16b7f0-a81a-4991-ae88-d10c21e2b1be,2022-03-26T14:03:44.511Z,2022-03-26T17:50:33.000Z,Angela 2640,Angela,Practice 4,Blue 1,2640,Yes,Yes,0,,,,,2,,Not this match,,Second Bar,30sec,,Did not stop,Didn't break,,Attempted 6 low got 2,,,,
8101d086-1515-4287-ae39-4ee4ea21d6cc,2022-03-26T15:37:27.988Z,2022-03-26T17:47:24.000Z,Anoop 2655,Anoop,4,,2655,Yes,Yes,1,,,,4,1,,Not this match,,Second Bar,30,Missed high a could of times,Did not stop,Didn't break,,,,,,
a5db0dbd-a1b7-4424-86a4-62fdfa64220d,2022-03-26T16:01:21.418Z,2022-03-26T17:51:25.000Z,Gavin Harway 2655,Gavin Harway,7,Blue 1,2655,Yes,Yes,0,0,,,1,0,,Yes (Getting fouls),Mostly effective,First Bar (lowest),15,They popped a wheelie when they accelerated,Did not stop,Didn't break,,,,,,
239b31c8-3ad7-4b26-ae3c-f784685ea74d,2022-03-26T16:40:37.727Z,2022-03-26T17:51:21.000Z,MH 2655,MH,11,Red 2,2655,Yes,Yes,1,0,,,0,0,,Not this match,,Second Bar,,,Did not stop,Didn't break,,,,,,
3bf57136-4611-43c6-9754-d7faf559b240,2022-03-26T18:31:49.740Z,2022-03-27T00:34:02.000Z,Bhavya 2655,Bhavya,17,Red 3,2655,Yes,Yes,1,0,,,3,,,Not this match,,Second Bar,12,"Would've gotten seven high shots (including the three that went in), but their shots kept bouncing out",Did not stop,Didn't break,,,,,,
249f76f3-dec0-4a96-b39d-1244e1c13670,2022-03-26T19:36:33.927Z,2022-03-27T00:37:07.000Z,Monica 2655,Monica,23,Blue 3,2655,Yes,Yes,0,0,,,4,0,,Yes (Getting fouls),Not Effective,No climb,,,Did not stop,Didn't break,,,,,,
e820a4f7-f1f2-4fb6-97ba-1b88f06ca95a,2022-03-26T20:07:45.753Z,2022-03-27T00:37:27.000Z,Benjamin Beach 2655,Benjamin Beach,27,Red 2,2655,Yes,Yes,1,0,,,4,0,,Not this match,,Second Bar,,,Did not stop,Didn't break,,,,,,
baa0d850-a34f-48e5-8726-7d7454d4e00c,2022-03-26T21:17:21.960Z,2022-03-27T00:34:41.000Z,Uditi 2655,Uditi,36,Red 3,2655,Yes,Yes,0,0,,,1,0,,Yes (Getting fouls),Mostly effective,First Bar (lowest),10 sec,,Did not stop,Didn't break,,Didn't do much shooting,,1,0,0
ba50a0fe-f118-4605-8b7b-07f04bf4eb6c,2022-03-26T22:06:09.763Z,2022-03-27T00:37:15.000Z,Alex 2655,Alex,41,Blue 1,2655,Yes,Yes,0,0,,,0,0,,Yes (Getting fouls),,No climb,20,"Got knocked down by their own team, absolutely cracked defense though",Did not stop,Didn't break,,,,nul,0,0
1ee1a004-571b-4602-bf57-210d5ca1d81d,2022-03-26T21:48:08.514Z,2022-03-27T00:39:48.000Z,Monica 2655,Monica,46,Red 1,2655,Yes,Yes,2,0,,,5,1,,Not this match,,Second Bar,,,Did not stop,Didn't break,,,,nul,2,6
437d983c-0ef3-44de-a44e-a31d25208cb5,2022-03-26T22:24:11.533Z,2022-03-27T00:39:26.000Z,MH 3318,MH,43,Red 2,3318,Yes,Yes,1,0,,,2,0,,Yes (Getting fouls),,No climb,,,Did not stop,Didn't break,,,,nul,0,0
affd68fe-f45e-4be5-b052-a933cea645f4,2022-03-26T15:16:54.729Z,2022-03-26T15:39:49.000Z,Flynn 3459,Flynn,2,Red bot (Not sure which),3459,Yes,Yes,0,0,,Ball bounced out,,1,,Not this match,,Third Bar,40,,Did not stop,Didn't break,,Most time spent finding cargo or lining up,,,,
01618452-e833-47fd-8a05-a165c3f5aaaa,2022-03-26T14:21:11.833Z,2022-03-26T17:51:14.000Z,Caehlin 3459,Caehlin,2,Red 1,3459,Yes,Yes,0,,,Missed high auto,,1,,Not this match,,Third Bar,About 50,"Just barely missing the high goal, over shooting by a few inches",Did not stop,Didn't break,,,,,,
89f0040f-3fbd-499c-ba52-1440655de060,2022-03-26T14:59:40.304Z,2022-03-26T17:51:25.000Z,Aj 3459,Aj,6,Red 1,3459,Yes,Yes,0,0,,,0,0,,Not this match,,Third Bar,45 sec almost 4th bar,,Did not stop,Didn't break,,,,,,
38198aac-26bf-484a-a667-e2c2f0dc8a6a,2022-03-26T16:34:17.698Z,2022-03-26T17:47:45.000Z,Audi 3459,Audi,11,Blue 2,3459,Yes,Yes,1,0,,,1,0,,Not this match,,Fourth Bar,60,,Did not stop,Didn't break,,,,,,
57f678e9-dda3-4dd7-aa69-bd5deb242211,2022-03-26T18:47:34.626Z,2022-03-27T00:34:04.000Z,Bhavya 3459,Bhavya,18,,3459,Yes,Yes,0,2,,,0,0,,Not this match,,No climb,,Robot stopped functioning,For most of the match,Didn't break,,Robot stopped functioning,,,,
bf79e6c4-4d4b-46fb-8152-713d863c5fec,2022-03-26T19:32:11.067Z,2022-03-27T00:34:14.000Z,Ann 3459,Ann,23,Blue 2,3459,Yes,Yes,0,1,,,0,0,,Not this match,,,,"Hard time getting to balls. Lost track of scoring, but not many",Did not stop,When climbing,Slow arm,,,,,
9ae729f1-d2c3-4b9d-96cc-1bc43fe8eb06,2022-03-26T19:41:18.208Z,2022-03-27T00:38:29.000Z,Duncan 3459,Duncan,29,Red 1,3459,Yes,Yes,2,0,,,2,0,,,,Second Bar,,,Did not stop,Didn't break,,,,,,
9fb6a3c7-fb43-4859-8905-8af4f4ea769e,2022-03-26T21:09:17.214Z,2022-03-27T00:36:44.000Z,Jeremy 3459,Jeremy,34,Blue 1,3459,Yes,Yes,0,0,,Bounce,2,0,,Not this match,,Second Bar,,,Did not stop,When climbing,,,,nul,2,6
430d6616-8f53-4fc3-8496-a5f81e4fc3db,2022-03-26T21:46:18.622Z,2022-03-27T00:38:27.000Z,Benjamin Beach 3459,Benjamin Beach,38,Red 2,3459,Yes,Yes,1,0,,,0,2,,Not this match,,Second Bar,50,,Did not stop,Didn't break,,"Issue with climbing, strange drive team",,nul,2,6
e252921e-9e2e-4ac6-b00c-2a7b8dfae76e,2022-03-26T22:14:25.305Z,2022-03-27T00:35:05.000Z,Bhavya 3459,Bhavya,42,Blue 2,3459,Yes,Yes,0,0,,Missed the two shot,0,1,,Not this match,,Third Bar,58,Only used one hook,Did not stop,When climbing,,,,nul,3,10
50c5146c-eb95-48c8-95f0-c5e16fae4c22,2022-03-26T14:51:05.187Z,2022-03-26T17:51:22.000Z,Aj 3822,Aj,5,Red 1,3822,Yes,Yes,0,2,,,0,1,,Not this match,,No climb,,Have a hard time intakeing,For the whole match,Didn't break,,,,,,
0b2d6ab7-8822-48ba-95b3-d7550bf47505,2022-03-26T16:24:33.368Z,2022-03-26T17:47:43.000Z,Audi 3822,Audi,10,Blue 2,3822,Yes,Yes,0,1,,,0,3,,Not this match,,No climb,45,Intake finicky,Did not stop,Didn't break,,,,,,
9a05f727-3c52-477a-aa56-9799e6ff9c90,2022-03-26T17:24:07.051Z,2022-03-27T00:37:25.000Z,Laith 3822,Laith,16,Red 1,3822,Yes,Yes,0,1,,,,2,,Not this match,,No climb,,4 attempts with one ball each,Did not stop,Didn't break,,Slow or bad intake,,,,
667d5746-fe28-4fec-a9f3-79dbe5bfbcbf,2022-03-26T20:23:19.884Z,2022-03-27T00:34:27.000Z,Laith 3822,Laith,29,Red 3,3822,Yes,Yes,0,1,,,0,1,,Yes (Getting fouls),Not Effective,No climb,,,Did not stop,In the beginning of the match,Intake didn't work well,"Switched to defense kinda when intake wasn't working, Eventually got intake working, still was kinda slow",,,,
59047a28-3406-4ba8-8a46-9973a6644abc,2022-03-26T21:51:17.232Z,2022-03-27T00:34:49.000Z,Julia C 3822,Julia C,39,Red 3,3822,Yes,Yes,0,0,,,0,2,,Not this match,,No climb,,,Did not stop,Didn't break,,Half of balls shot to lower hub missed (2\4),,nul,0,0
6be6aa41-5640-4ead-a5f0-a49afaf08d22,2022-03-26T22:33:48.590Z,2022-03-27T00:35:19.000Z,Sally gso 3822,Sally gso,45,Blue 2,3822,Yes,Yes,,1,,,0,0,,Yes (Getting fouls),,No climb,,,Did not stop,,,,,nul,0,0
b53951d7-a465-4a1e-a685-cefbc12ac689,2022-03-26T14:02:26.725Z,2022-03-26T17:48:08.000Z,Bhavya 3822,Bhavya,Practice,Blue 3,3822,Yes,Yes,0,4,,,0,1,,Not this match,,No climb,,,Did not stop,Didn't break,,,,,,
21facea0-f7b3-40cd-90e9-4f079a1abbd1,2022-03-26T22:51:38.982Z,2022-03-27T00:35:06.000Z,Jeremy 3822,Jeremy,R29,Red 3,3822,Yes,Yes,0,1,,,0,3,,Not this match,,No climb,,,Did not stop,Didn't break,,,,nul,0,0
8bd9bfc4-0f3c-46a7-b474-af0797f15190,2022-03-26T15:59:03.675Z,2022-03-26T17:51:47.000Z,Sanjay 3922,Sanjay,13,Red 1,3922,Yes,Yes,1,1,,,0,3,,Not this match,,No climb,,,Did not stop,Didn't break,,,,,,
ae5873b2-f166-4922-b561-48a584502610,2022-03-26T14:12:16.031Z,2022-03-26T17:51:11.000Z,Laith 4291,Laith,1,Red 1,4291,Yes,No,0,0,,,1,,,Not this match,,First Bar (lowest),,Very slow,Did not stop,In the beginning of the match,It was super slow,,,,,
05b30c3f-924e-4657-8945-3d66bb08e9cd,2022-03-26T16:25:13.957Z,2022-03-26T17:49:00.000Z,MH 4291,MH,10,Blue 3,4291,Yes,Yes,0,0,,,0,0,,Not this match,,First Bar (lowest),,,Did not stop,Didn't break,,,,,,
7e78f740-7d1f-4255-aae7-bd4c88991eb7,2022-03-26T16:52:54.228Z,2022-03-26T17:49:25.000Z,Duncan 4291,Duncan,13,Blue 3,4291,Yes,Yes,0,0,,,2,0,,Not this match,,First Bar (lowest),,,Did not stop,Didn't break,,,,,,
33cf1f2f-a466-43e4-a5ec-71520ce1a17e,2022-03-26T18:30:46.005Z,2022-03-27T00:33:45.000Z,Anoop 4291,Anoop,17,Blue 2,4291,Yes,Yes,0,0,,,0,0,,Not this match,,No climb,,,Did not stop,Didn't break,,"Lots of shots , all missed",,,,
d5234977-2e97-4488-9656-4c211f76ceae,2022-03-26T19:17:00.542Z,2022-03-27T00:37:03.000Z,Alex 4291,Alex,22,Blue 3,4291,Yes,Yes,0,0,,,0,0,,Not this match,,No climb,,Got stuck on another bot,For most of the match,While defending or being defended by another bot,Not sure but it was hit hard and was on top of another bot and couldn't move much after,,,,,
fe80a677-3502-4cce-86aa-854799d4151a,2022-03-26T19:09:27.086Z,2022-03-27T00:38:13.000Z,Ritvik 4291,Ritvik,27,Red 1,4291,Yes,Yes,0,0,,,0,0,,Not this match,,No climb,,Tried to climb,Did not stop,Didn't break,,,,,,
9754d52d-e028-450b-93f1-9aa2d9cc1a3a,2022-03-26T20:30:46.983Z,2022-03-27T00:38:55.000Z,Audi 4291,Audi,36,Red 1,4291,Yes,No,0,0,,,,3,,Not this match,,Second Bar,30,,Did not stop,Didn't break,,,,,,
c704d128-9382-4d68-9dd0-a13d8f3be025,2022-03-26T22:06:25.392Z,2022-03-27T00:35:02.000Z,Bhavya 4291,Bhavya,41,Blue 2,4291,Yes,Yes,0,1,,,0,2,,Not this match,,No climb,,"Would've climbed the first, but the other robots blocked it",Did not stop,Didn't break,,,,nul,0,0
f21e7862-e110-4131-9465-c72b9c3165d5,2022-03-26T22:41:59.622Z,2022-03-27T00:35:21.000Z,Sally GSO 4291,Sally GSO,46,Blue 2,4291,Yes,Yes,0,0,,,,3,,Not this match,,No climb,,,Did not stop,,,,,nul,0,0
08897846-cb4f-4721-9765-a14d03623c94,2022-03-26T14:18:39.537Z,2022-03-26T17:50:42.000Z,Audi 4291,Audi,Practice 5,Blue 1,4291,Yes,No,0,0,,,0,0,,Not this match,,No climb,8,Slow,For less than 15 seconds,Didn't break,,,,,,
b16659c5-2adf-49e2-9fa9-21431e143298,2022-03-26T15:41:57.170Z,2022-03-26T17:51:04.000Z,Monica 4561,Monica,4,Red 2,4561,Yes,Yes,1,0,,,6,,,Not this match,Not Effective,Second Bar,,,Did not stop,Didn't break,,,,,,
a1fd8788-ddd6-48bd-86fa-67ab11717571,2022-03-26T16:25:11.286Z,2022-03-26T17:51:27.000Z,Duncan 4561,Duncan,10,Red 3,4561,Yes,Yes,2,0,,,4,,,Not this match,,Third Bar,,,Did not stop,Didn't break,,,,,,
eeb90bd0-65d7-47b9-9210-e37bfe1f2b0c,2022-03-26T18:50:39.599Z,2022-03-27T00:36:37.000Z,Seshu 4561,Seshu,18,Red 2,4561,Yes,Yes,1,,,,9,,,Not this match,,Second Bar,,,Did not stop,Didn't break,,,,,,
854b724c-512e-4333-97e1-398fa769dbd5,2022-03-26T18:43:24.532Z,2022-03-27T00:33:56.000Z,Anoop 4561,Anoop,18,Blue 2,4561,Yes,No,0,0,,,,5,,Not this match,,Fourth Bar,30,Fast climbing,Did not stop,Didn't break,,,,,,
e2f6452a-e98e-46bc-8511-90814225e35e,2022-03-26T19:08:17.424Z,2022-03-27T00:36:11.000Z,Sanjay 4561,Sanjay,21,Blue 1,4561,Yes,Yes,2,0,,,8,0,,Not this match,,Fourth Bar,,,Did not stop,Didn't break,,,,,,
86de71b4-2e9d-4e4d-bf34-f46c6fba94c0,2022-03-26T19:52:18.005Z,2022-03-27T00:38:36.000Z,James 4561,James,31,,4561,Yes,Yes,2,0,,,5,,,Not this match,,Fourth Bar,Fast climb! Maybe 20 seconds,,Did not stop,Didn't break,,,,,,
fc285ce8-9026-44fc-b0a5-e9945c49dcb4,2022-03-26T21:30:22.591Z,2022-03-27T00:38:12.000Z,Benjamin Beach 4561,Benjamin Beach,36,Red 2,4561,Yes,Yes,2,0,,,3,1,,Not this match,,Third Bar,30,,Did not stop,Didn't break,,Went over the height limit when climbing,,nul,3,10
8d200973-66a6-4a4a-8505-11c96f0b8d23,2022-03-26T21:49:54.738Z,2022-03-27T00:37:08.000Z,Alex 4561,Alex,39,Blue 1,4561,Yes,Yes,1,0,,,10,0,,Not this match,,Second Bar,35,Tried to climb higher but fell,Did not stop,Didn't break,,,,nul,2,6
e059a3ec-0ddb-4872-a15c-7a6ebe86ff01,2022-03-26T22:20:24.270Z,2022-03-27T00:37:59.000Z,Ang 4561,Ang,43,Blue 3,4561,Yes,Yes,,,,,6,,,Not this match,,Fourth Bar,,,Did not stop,Didn't break,,,,nul,4,15
7f1c03f2-dbb3-40c5-a4d4-5b6e7b9c5c81,2022-03-26T13:37:39.347Z,2022-03-26T17:51:06.000Z,Caehlin 4651,Caehlin,Practice 6,Red 1,4651,Yes,Yes,0,0,,,0,0,,Not this match,,Fourth Bar,45,Shooter broken,Did not stop,In the beginning of the match,Shooter did not work,Very fast climber,,,,
9c03bb22-376b-4170-aaeb-62b473fd5d1e,2022-03-26T15:07:11.610Z,2022-03-26T17:50:51.000Z,Bhavya 4795,Bhavya,1,Blue 1,4795,Yes,Yes,1,0,,,15,0,,Not this match,,No climb,17,Fell of climb,Did not stop,Didn't break,,Fell off climber,,,,
527ca9c0-0939-43ab-92d1-ac4a6e3ac6ae,2022-03-26T16:17:47.233Z,2022-03-26T17:48:55.000Z,MH 4795,MH,9,Blue 3,4795,Yes,Yes,3,0,,,10,0,,Not this match,,Second Bar,15,,Did not stop,Didn't break,,,,,,
54ba922f-3029-4d58-8700-a6b299d989cd,2022-03-26T15:51:21.379Z,2022-03-26T17:51:45.000Z,Sanjay 4795,Sanjay,12,Red 1,4795,Yes,Yes,1,,,,6,,,Not this match,,First Bar (lowest),5 second,,Did not stop,Didn't break,,,,,,
0e0c75f0-3f2f-4359-b3f6-9b2af6b9c97e,2022-03-26T17:50:41.626Z,2022-03-27T00:37:35.000Z,Caehlin 4795,Caehlin,18,Red 1,4795,Yes,Yes,1,,,,8,,,Not this match,,Second Bar,25,Very consistent and quick in high goal,Did not stop,Didn't break,,,,,,
5bd694a9-aada-4fe1-8334-04a2b24c07e1,2022-03-26T18:34:23.230Z,2022-03-27T00:37:53.000Z,Caehlin 4795,Caehlin,23,Red 1,4795,Yes,Yes,2,,,,10,,,Not this match,,Second Bar,,Very fast and consistent,Did not stop,Didn't break,,,,,,
d7f4405e-4879-4b3f-b577-b8a3905f35a6,2022-03-26T20:03:52.986Z,2022-03-27T00:34:23.000Z,Laith 4795,Laith,27,Red 3,4795,Yes,Yes,3,0,,,12,,,Not this match,,Second Bar,5-10 seconds,,Did not stop,Didn't break,,Climb fell after match but still counted,,,,
5c67f016-ea26-43f2-a65b-80f0cf1620ed,2022-03-26T21:16:53.857Z,2022-03-27T00:34:44.000Z,Sowji 4795,Sowji,35,Blue 2,4795,Yes,Yes,3,,,,11,,,Not this match,,Second Bar,Not much,,Did not stop,Didn't break,,,,nul,2,6
65d89cd7-754f-456a-8b1f-7b710cc64563,2022-03-26T21:41:38.598Z,2022-03-27T00:34:52.000Z,Bella 4795,Bella,38,Blue 2,4795,Yes,Yes,2,,,,6,,,Not this match,,Fourth Bar,45 sec but took 30,,Did not stop,Didn't break,,,,nul,4,15
54587c36-432d-444c-b160-bd2a1bbd1322,2022-03-26T22:38:15.258Z,2022-03-27T00:39:43.000Z,MH 4795,MH,45,Red 2,4795,Yes,Yes,3,0,,,14,0,,Not this match,,Second Bar,10,,Did not stop,Didn't break,,,,nul,2,6
817de80c-1e07-4723-9ffd-30f7aec4a4c6,2022-03-26T14:41:15.002Z,2022-03-26T17:51:19.000Z,Laith 4829,Laith,4,Red 1,4829,Yes,No,0,0,,,0,0,,Not this match,,No climb,,,For the whole match,In the beginning of the match,Robot didn't move at all,,,,,
68eecac1-e654-46fd-8617-b3deeb2dd7f9,2022-03-26T16:09:12.824Z,2022-03-26T17:47:38.000Z,Sowji 4829,Sowji,8,Blue 2,4829,Yes,Yes,4,0,,,,,,,,Fourth Bar,,,Did not stop,Didn't break,,,,,,
6bd91c54-fb9a-49ae-b0b1-403aeda374f6,2022-03-26T18:07:13.054Z,2022-03-27T00:36:28.000Z,Bella 4829,Bella,15,Blue 3,4829,Yes,Yes,1,,,,4,,,Not this match,,Fourth Bar,60 only took 30,,Did not stop,Didn't break,,,,,,
f4653b8b-adc3-485e-86b2-b9f7775376eb,2022-03-26T19:13:50.799Z,2022-03-27T00:36:45.000Z,James 4829,James,21,,4829,Yes,Yes,1,,,,1,1,,Not this match,,Fourth Bar,30 - 45 seconds,A lot of rim bouncing,Did not stop,Didn't break,,Solid scoring. The problems they had seen easy to solve,,,,
3f02ec3b-1835-454c-bb4a-036215f1ffaf,2022-03-26T21:00:26.787Z,2022-03-27T00:37:37.000Z,Jeremy 4829,Jeremy,33,Blue 3,4829,Yes,Yes,,,,Bounced out,,,,Not this match,,Fourth Bar,30,Lot's of bouncing out,Did not stop,Didn't break,,,,nul,4,15
009087c7-b8b0-43df-9aa4-942b29b3085e,2022-03-26T22:46:34.186Z,2022-03-27T00:39:45.000Z,MH 4829,MH,46,Red 2,4829,Yes,Yes,1,0,,,5,0,,Not this match,,Fourth Bar,55,,Did not stop,Didn't break,,,,nul,4,15
08f41e6b-d383-4d48-a30c-1d25d3d0452b,2022-03-26T15:06:15.175Z,2022-03-26T17:50:21.000Z,Benjamin Beach 5160,Benjamin Beach,1,,5160,Yes,No,0,0,,,0,0,,Yes (Getting fouls),Not Effective,No climb,,,For more than 15 seconds but less than half the match,Didn't break,,,,,,
91decd3b-302a-4ea0-9ba8-92803250e6e5,2022-03-26T16:15:42.861Z,2022-03-26T17:51:14.000Z,Ann 5160,Ann,8,Red 2,5160,Yes,No,0,0,,,0,0,,Not this match,,No climb,,,For most of the match,,,Stopped responding after blue team defense,,,,
20a7b422-ff49-4e05-89a3-8b7aa7941687,2022-03-26T18:58:50.816Z,2022-03-27T00:36:49.000Z,Alex 5160,Alex,20,Blue 3,5160,Yes,Yes,0,0,,,0,0,,Yes (Getting fouls),"Very effective, Avoids Fouls",No climb,,,Did not stop,Didn't break,,,,,,
ec80ce82-8f8f-4e9d-af63-c7a40d265161,2022-03-26T19:58:47.013Z,2022-03-27T00:37:24.000Z,Benjamin Beach 5160,Benjamin Beach,26,Red 2,5160,Yes,No,0,0,,,0,1,,Not this match,,No climb,,,Did not stop,Didn't break,,Trouble shooting,,,,
d407ff42-8782-4bed-af3a-ba64ec9d93a9,2022-03-26T20:36:04.499Z,2022-03-27T00:34:29.000Z,Uditi 5160,Uditi,30,Red 3,5160,Yes,Yes,0,0,,,2,2,,Not this match,,No climb,,,Did not stop,Didn't break,,,,,,
5ee35569-30e5-41da-a495-927fde1ab405,2022-03-26T21:25:28.828Z,2022-03-27T00:36:57.000Z,Aj 5160,Aj,36,Blue 1,5160,Yes,Yes,0,1,,,0,3,,Not this match,,No climb,,,For less than 15 seconds,In the beginning of the match,,,,nul,0,0
94b0a57e-31e1-448a-b90a-6ca0451d7be8,2022-03-26T15:25:47.380Z,2022-03-26T17:48:32.000Z,Rowan 5190,Rowan,4,Blue 3,5190,Yes,Yes,0,0,,,6,0,,Not this match,,Third Bar,Went in at 43 started climbing at 30,,For less than 15 seconds,Didn't break,,,,,,
e190928b-2376-4657-818d-2ae4dc1383a8,2022-03-26T16:05:49.666Z,2022-03-26T17:51:12.000Z,Ann 5190,Ann,7,Red 2,5190,Yes,Yes,1,0,,,6,0,,Not this match,,Fourth Bar,,,Did not stop,Didn't break,,,,,,
98835b09-635b-476e-aa0f-71265f0ee59a,2022-03-26T16:44:57.521Z,2022-03-26T17:51:41.000Z,Bhavya 5190,Bhavya,12,Red 3,5190,Yes,Yes,1,0,,,3,0,,Not this match,,Second Bar,39,Having trouble shooting,Did not stop,Another time,Shooter,The shooters gears were not moving,,,,
b4788855-b620-4655-8b21-7d1d76c1f055,2022-03-26T19:06:56.306Z,2022-03-27T00:34:07.000Z,Anoop 5190,Anoop,21,Blue 2,5190,Yes,Yes,1,,,,3,2,,Not this match,,No climb,,,Did not stop,Didn't break,,,,,,
d27dd038-17cd-44f8-9b08-324569c0c05d,2022-03-26T19:54:31.403Z,2022-03-27T00:34:21.000Z,Laith 5190,Laith,26,Red 3,5190,Yes,Yes,1,0,,,1,3,,Not this match,,No climb,,,Did not stop,In the beginning of the match,"Turret kept missing, and spun out sometimes",They missed a bunch of balls. Eventually they started going for low goal,,,,
3abc159e-fadc-446e-9583-5567a8b5b84d,2022-03-26T20:27:37.821Z,2022-03-27T00:37:41.000Z,Benjamin Beach 5190,Benjamin Beach,29,Red 2,5190,Yes,Yes,2,0,,,3,1,,Not this match,,Second Bar,30,,Did not stop,Didn't break,,,,,,
a485bd6c-7962-4304-a77b-e12545e6416e,2022-03-26T22:00:12.847Z,2022-03-27T00:34:51.000Z,Rithika Revur 5190,Rithika Revur,40,Red 3,5190,Yes,No,0,0,,They missed two of their shoots when aiming the high port,0,0,,Not this match,,,30,The ball got stuck in their intake and they weren't able to score anything .,Did not stop,In the beginning of the match,Their game pieces were getting stuck in the intake.,,,nul,nul,nul
fc599f84-a7bc-47d5-9ace-b5e9f56faa2e,2022-03-26T21:59:25.919Z,2022-03-27T00:34:58.000Z,Bhavya 5190,Bhavya,40,Red 3,5190,Yes,Yes,0,0,,"Shot two, hit the rim",2,0,,Not this match,,Second Bar,,Shooter problems,Did not stop,Another time,,,,nul,2,6
56ea3658-72de-41e1-a241-5954631f8949,2022-03-26T22:26:28.722Z,2022-03-27T00:37:19.000Z,Ann 5190,Ann,44,Blue 1,5190,Yes,,0,1,,,,0,,Not this match,,Second Bar,,,Did not stop,Didn't break,,,,nul,2,6
449c4fc1-5053-40b9-a49f-fbe7a66056d6,2022-03-27T00:40:37.595Z,2022-03-27T00:39:51.000Z,MH 5190,MH,29 replay,Red 2,5190,Yes,Yes,0,0,,,0,3,,Not this match,,Second Bar,23,,Did not stop,Didn't break,,,,nul,2,6
f6abd949-00e6-4163-a70b-22d23f0c3483,2022-03-26T14:31:55.000Z,2022-03-26T17:50:18.000Z,Benjamin Beach 5190,Benjamin Beach,P6,Red 3,5190,Yes,Yes,1,1,,,7,0,,Not this match,,Second Bar,20,,Did not stop,Didn't break,,,,,,
5543c23b-6de2-443d-9185-2865b7a58139,2022-03-26T15:45:01.019Z,2022-03-26T17:48:41.000Z,Rowan 5518,Rowan,4,Blue 3,5518,Yes,Yes,1,0,,,2,0,,Not this match,,,,,For most of the match,Another time,"Not sure, was driving strangely, went up to hub and stopped",,,,,
e32288f7-cb3f-42ae-99b7-c0761ae63c15,2022-03-26T16:10:29.148Z,2022-03-26T17:51:14.000Z,Caehlin 5518,Caehlin,8,Red 3,5518,Yes,Yes,,,,,1,,,,,,,Shooting high too close to thingie. Getting defended by 8757. Incredibly top heavy.,Did not stop,Didn't break,,,,,,
b674c44a-7d55-4ab1-8a64-16b1f5352abc,2022-03-26T18:18:08.700Z,2022-03-27T00:35:01.000Z,Juliana 5518,Juliana,16,Blue 1,5518,Yes,Yes,2,,,,9,,,Not this match,,No climb,,,Did not stop,Didn't break,,,,,,
80d79746-17c5-4dcd-8e42-0637fe26443a,2022-03-26T18:05:01.435Z,2022-03-27T00:37:44.000Z,Laith 5518,Laith,20,Red 1,5518,Yes,Yes,0,0,,,7,0,,Not this match,,No climb,,,Did not stop,Didn't break,,"Good shooter, no climbing though, robot looks shaky/flimsy",,,,
ff3845af-439d-43e0-bb7d-94622953d659,2022-03-26T19:34:18.684Z,2022-03-27T00:36:50.000Z,MH 5518,MH,23,Red 2,5518,Yes,Yes,1,0,,,4,0,,Not this match,,No climb,,,Did not stop,Didn't break,,,,,,
7e20ea59-1d05-43a0-96d6-18f1002d1738,2022-03-26T20:03:06.237Z,2022-03-27T00:34:24.000Z,Anoop 5518,Anoop,27,Blue 2,5518,Yes,Yes,1,,,,12,0,,Not this match,,No climb,,,Did not stop,Didn't break,,,,,,
e497bf25-480d-494d-9fb0-663cc1ae9ad0,2022-03-26T20:53:41.147Z,2022-03-27T00:34:34.000Z,Uditi 5518,Uditi,32,Red 3,5518,Yes,Yes,0,0,,,6,1,,Not this match,,No climb,,,Did not stop,Didn't break,,,,nul,0,0
4e593b42-2548-4a41-8a60-855ebeb87a6d,2022-03-26T21:33:08.406Z,2022-03-27T00:37:01.000Z,Aj 5518,Aj,38,Blue 1,5518,Yes,Yes,1,0,,,0,0,,,,No climb,,,For most of the match,In the beginning of the match,,,,nul,0,0
c77130c4-8e04-4e88-9cfd-c898c40d1b65,2022-03-26T15:20:47.716Z,2022-03-26T17:50:59.000Z,Uditi 5607,Uditi,1,Red 2,5607,Yes,Yes,0,0,,,2,0,,Not this match,,Fourth Bar,52 sec,Only climbs,Did not stop,Didn't break,,,,,,
014f604a-d406-4dd4-93f4-d65cf342e439,2022-03-26T16:00:15.478Z,2022-03-26T17:47:35.000Z,Duncan 5607,Duncan,7,Blue 2,5607,Yes,Yes,0,0,,,2,1,,Not this match,,No climb,,,Did not stop,Didn't break,,,,,,
64dee711-af75-4d4a-83bc-b6bbc28da850,2022-03-26T18:52:50.577Z,2022-03-27T00:36:47.000Z,Bella 5607,Bella,19,Blue 3,5607,Yes,Yes,,,,,1,,,Not this match,,No climb,,Shot 2 more that did not go in and climber hooks would not lower,Did not stop,Didn't break,,,,,,
f584a114-5b4e-434f-a475-3314741b9a00,2022-03-26T18:20:34.805Z,2022-03-27T00:37:49.000Z,Laith 5607,Laith,23,Red 1,5607,Yes,No,0,0,,,0,0,,Not this match,,No climb,,,For the whole match,In the beginning of the match,Didn't move at all,Unfortunate :(,,,,
798082ac-ff38-448c-b8c4-1d0ae49689c5,2022-03-26T20:38:16.359Z,2022-03-27T00:37:32.000Z,Sowji 5607,Sowji,30,Blue 3,5607,Yes,No,0,,,,,,,,,,,,For the whole match,In the beginning of the match,,,,,,
294a7aa0-0b55-4c0b-ad60-8ace91672680,2022-03-26T21:15:03.870Z,2022-03-27T00:36:55.000Z,Jeremy 5607,Jeremy,36,Blue 1,5607,Yes,No,0,0,,,0,0,,Not this match,,,,,For less than 15 seconds,In the beginning of the match,Stopped moving,,,nul,nul,nul
21a090b4-06cb-47d9-bb5f-d366db94ad25,2022-03-26T22:00:54.280Z,2022-03-27T00:38:52.000Z,Benjamin Beach 5607,Benjamin Beach,40,Red 2,5607,No,,,,,,,,,,,,,,,,,Unfortunate circumstances,,nul,nul,nul
815d531c-00c2-4bfe-a86d-a40c4cba0c91,2022-03-26T22:22:01.099Z,2022-03-27T00:34:57.000Z,Rithika 5607,Rithika,43,Red 3,5607,Yes,No,1,0,,,0,0,,Not this match,,No climb,,,Did not stop,Didn't break,,,,nul,0,0
155d3773-de6d-4227-a609-6fe7943829e7,2022-03-26T15:37:57.523Z,2022-03-26T17:51:04.000Z,D Jones 5679,D Jones,4,Blue 1,5679,Yes,Yes,0,0,,,0,0,,Yes (Getting fouls),Mostly effective,No climb,,,Did not stop,Didn't break,,"No shooter, no climber",,,,
6410a42d-7666-4d73-9832-34fd7c296051,2022-03-26T16:29:01.984Z,2022-03-26T17:51:19.000Z,Bhavya 5679,Bhavya,10,Red 2,5679,Yes,Yes,0,0,,,0,0,,Yes (Getting fouls),Very effective,No climb,,Very good defense,Did not stop,Didn't break,,,,,,
9b09fc0a-210b-4034-95f3-fe70e2db5a81,2022-03-26T18:58:56.089Z,2022-03-27T00:34:09.000Z,Benjamin Beach 5679,Benjamin Beach,20,Red 3,5679,Yes,Yes,0,0,,,0,0,,Yes (Getting fouls),Mostly effective,No climb,,,Did not stop,Didn't break,,,,,,
cb1d9e1e-2df1-4815-81af-d4fc052aab87,2022-03-26T19:48:50.027Z,2022-03-27T00:37:21.000Z,Benjamin Beach 5679,Benjamin Beach,25,Red 2,5679,Yes,Yes,0,0,,,0,0,,Yes (Getting fouls),Very effective,No climb,,,Did not stop,Didn't break,,Drive team seemed a tad strange,,,,
cfa0b470-a15b-4a7f-8e7c-4f8167bce222,2022-03-26T20:35:08.711Z,2022-03-27T00:36:29.000Z,Lizzie 5679,Lizzie,30,Blue 1,5679,Yes,Yes,,,,,,,,,"Very effective, Mostly effective",,,,,,,,,,,
a887504d-2205-455f-a553-3de6619ca5ac,2022-03-26T21:00:58.790Z,2022-03-27T00:34:42.000Z,Sowji 5679,Sowji,33,,5679,Yes,Yes,,,,,,,,Yes (Getting fouls),Mostly effective,No climb,,,Did not stop,Didn't break,,,,1,0,0
d54c9648-dd44-46aa-889a-3c416c526fb6,2022-03-26T21:33:21.250Z,2022-03-27T00:34:45.000Z,Gavin.H 5679,Gavin.H,37,Red 3,5679,Yes,Yes,0,0,,,0,0,,Yes (Getting fouls),,No climb,,,Did not stop,Didn't break,,,,nul,0,0
580dd407-79f7-4742-9cc0-3dcde5e12040,2022-03-26T22:19:41.771Z,2022-03-27T00:39:15.000Z,MH 5679,MH,42,Red 2,5679,Yes,Yes,0,0,,,0,0,,Yes (Getting fouls),,No climb,,Good defense,Did not stop,Didn't break,,,,nul,0,0
0dbc55bf-e9f0-4670-a051-30f71ace49c3,2022-03-26T15:17:15.029Z,2022-03-26T17:50:53.000Z,D Jones 5727,D Jones,2,Blue 1,5727,Yes,Yes,0,0,,,4,0,,Not this match,,Second Bar,9,,Did not stop,Didn't break,,Very agile and fast. Shot many more but missed goal. Missed shots were high enough to score just left or right of target.,,,,
a4f802b6-c74e-47d6-882a-1d43636b6bf5,2022-03-26T15:06:08.608Z,2022-03-26T17:51:27.000Z,Aj 5727,Aj,7,Red 1,5727,Yes,No,0,0,,,13,0,,Not this match,,First Bar (lowest),5 sec,,Did not stop,Didn't break,,,,,,
6cf7c9da-c77a-4a02-ac07-36f33b63838d,2022-03-26T16:35:58.654Z,2022-03-26T17:51:36.000Z,MH 5727,MH,11,Red 3,5727,Yes,Yes,0,0,,,4,0,,Not this match,,First Bar (lowest),,,Did not stop,Didn't break,,,,,,
5a67a37d-d937-40de-b86b-dcf95b0f1d6a,2022-03-26T16:34:22.660Z,2022-03-26T17:49:07.000Z,Lizzie 5727,Lizzie,11,Blue 3,5727,Yes,Yes,2,,,,5,,,,,,,,For most of the match,,,,,,,
333def73-20cf-4994-98c8-2369cdb7f0d5,2022-03-26T18:19:52.477Z,2022-03-27T00:33:41.000Z,Anoop 5727,Anoop,16,Blue 2,5727,Yes,Yes,1,,,,0,0,,Not this match,Mostly effective,No climb,,Not a defense bot but would hit some other robot and catch them off guard,For most of the match,Didn't break,,Stopped moving halfway through,,,,
40f62705-920c-4915-86f1-06174a6a6275,2022-03-26T18:50:25.761Z,2022-03-27T00:37:55.000Z,Ritvik 5727,Ritvik,25,Red 1,5727,Yes,Yes,1,0,,,8,0,,Not this match,,No climb,,,Did not stop,Didn't break,,,,,,
e4648aec-44c6-4dec-9979-d9a57dab2baf,2022-03-26T20:26:51.749Z,2022-03-27T00:34:29.000Z,MH 5727,MH,29,Blue 2,5727,Yes,Yes,1,0,,,7,0,,Not this match,,Second Bar,,,Did not stop,Didn't break,,,,,,
aac5011e-1b96-43a8-a3bf-ba39c16b8d0a,2022-03-26T21:26:27.951Z,2022-03-27T00:34:43.000Z,Lizzie 5727,Lizzie,36,Red 3,5727,Yes,Yes,2,,,,8,,,,,First Bar (lowest),5sec,,,,,,,nul,0,0
ca8086b0-7878-4a21-834f-0b5741a33cca,2022-03-26T21:59:02.330Z,2022-03-27T00:37:54.000Z,Duncan 5727,Duncan,40,Blue 3,5727,Yes,Yes,1,0,,,5,,,Not this match,,Second Bar,,,Did not stop,,,,,nul,2,6
dd2f2ec1-e44f-4bea-bf6e-3e0bd870f4d6,2022-03-26T22:34:29.373Z,2022-03-27T00:37:21.000Z,Ann 5727,Ann,45,Blue 1,5727,Yes,Yes,0,0,,,5,0,,Not this match,,Second Bar,Close to 30,May have missed a score or 2. 5727 runs around,Did not stop,Didn't break,,,,nul,2,6
5e3ba6f6-ae00-48fc-8de6-c89eaff0c30c,2022-03-26T14:18:51.592Z,2022-03-26T17:47:09.000Z,Anoop 5727,Anoop,Practice 5,Blue 2,5727,Yes,Yes,0,0,,,,,,Not this match,Not Effective,No climb,,Little to no movement in teleop or endgame and was not defending,For most of the match,Didn't break,,Robot didn't move in teleop. Moved at the end of endgame but did not do anything,,,,
85a5d497-71a9-431d-ac65-63e00877bf03,2022-03-26T22:52:16.202Z,2022-03-27T00:35:23.000Z,Sally GSO 5727,Sally GSO,Rematch 29,Blue 2,5727,Yes,Yes,2,0,,,0,0,,Not this match,,No climb,,,For most of the match,In the beginning of the match,,,,nul,0,0
505b704c-b27b-492a-ad01-fa7240074474,2022-03-26T15:45:11.525Z,2022-03-26T17:47:33.000Z,Anoop 6240,Anoop,5,Blue 2,6240,Yes,No,0,0,,,0,0,,Not this match,,Second Bar,30,,Did not stop,Didn't break,,Was heavily guarded the entire match so it could not score at all,,,,
a875a910-9459-4c6a-b732-91280c1a7057,2022-03-26T16:17:16.363Z,2022-03-26T17:47:41.000Z,Audi 6240,Audi,9,Blue 2,6240,Yes,No,0,0,,,0,0,,Yes (Getting fouls),"Mostly effective, Got 1 foul",No climb,30,Extended way out of perimeter,Did not stop,Didn't break,,,,,,
7f9a725a-e2c6-4259-abcf-8647c7574b7d,2022-03-26T16:52:38.677Z,2022-03-26T17:52:01.000Z,Gavin.H 6240,Gavin.H,13,Blue 1,6240,Yes,No,0,0,,,0,1,,Not this match,,Second Bar,,"Creative intake, shame it sucks so badly",Did not stop,Didn't break,,,,,,
a645ffed-0eb1-4fc2-b9c6-d94251d33783,2022-03-26T18:52:11.244Z,2022-03-27T00:34:06.000Z,Benjamin Beach 6240,Benjamin Beach,19,Red 3,6240,Yes,No,0,0,,,0,0,,Yes (Getting fouls),Not Effective,No climb,,,Did not stop,Didn't break,,,,,,
247e484c-43bf-42e6-a29e-fd72178b63a0,2022-03-26T19:55:01.338Z,2022-03-27T00:37:12.000Z,Ann 6240,Ann,26,Blue 3,6240,Yes,I don't know,0,0,,,0,0,,Not this match,,Second Bar,30,Never shot might be able to out of climber,Did not stop,Didn't break,,,,,,
5c32c142-c2cf-47fe-a228-6675b99eebfb,2022-03-26T20:43:44.502Z,2022-03-27T00:36:33.000Z,Lizzie 6240,Lizzie,31,Blue 1,6240,Yes,No,,,,,0,0,,Yes (Getting fouls),"Avoids Fouls, Not Effective",Second Bar,,,,,,,,1,2,6
cf5ef2a3-08c2-44f8-8022-aaf58d385e8d,2022-03-26T20:22:02.881Z,2022-03-27T00:38:48.000Z,Audi 6240,Audi,35,Red 1,6240,Yes,No,0,0,,,0,0,,Yes (Getting fouls),"Not Effective, Avoids Fouls",Second Bar,30,,Did not stop,Didn't break,,,,,,
acdc4e46-6173-4755-9682-9db1bfc6e3b2,2022-03-26T21:54:23.001Z,2022-03-27T00:38:41.000Z,Benjamin Beach 6240,Benjamin Beach,39,Red 2,6240,Yes,No,0,0,,,0,0,,Yes (Getting fouls),,Second Bar,,,Did not stop,Didn't break,,,,nul,2,6
17bb9869-4524-40e1-ae1e-309f6dd5b9c8,2022-03-26T22:15:09.097Z,2022-03-27T00:34:55.000Z,Julia C 6240,Julia C,42,Red 3,6240,Yes,No,0,0,,Grabbed blue cargo and held it for the game duration,0,0,,Not this match,,No climb,,They tried to climb but it broke at the end,Did not stop,When climbing,,Attempted climb,,nul,0,0
c63593ea-f498-46eb-a249-2e4d691bc005,2022-03-26T15:24:52.192Z,2022-03-26T17:51:00.000Z,D Jones 6500,D Jones,3,,6500,Yes,Yes,0,0,,,2,0,,Not this match,,Fourth Bar,56,,Did not stop,Didn't break,,Driving was pretty good but had trouble getting around blocks to shoot more.,,,,
bf550de9-a379-47f2-8431-9c32ff9941b5,2022-03-26T16:09:37.977Z,2022-03-26T17:51:35.000Z,Gavin.H 6500,Gavin.H,8,Blue 1,6500,Yes,Yes,1,0,,,3,0,,Not this match,,Fourth Bar,Over 30,They have to ram a ball into the wall to load.,Did not stop,Didn't break,,,,,,
f3ff6b49-9ec5-4e5f-9a6f-f1780a164251,2022-03-26T16:57:32.672Z,2022-03-26T17:51:35.000Z,MH 6500,MH,13,Red 2,6500,Yes,Yes,1,0,,,0,4,,Not this match,,Fourth Bar,46,,Did not stop,Didn't break,,,,,,
6fe340d2-4dce-415b-99c7-be4fe0f55f1d,2022-03-26T18:17:34.396Z,2022-03-27T00:36:35.000Z,Bella 6500,Bella,16,Blue 3,6500,Yes,Yes,0,2,,,,6,,Not this match,,Fourth Bar,40 but took 30,,Did not stop,Didn't break,,,,,,
7f26125c-c3bf-4a78-bc12-52dc97bf5cdd,2022-03-26T19:29:40.269Z,2022-03-27T00:34:15.000Z,MH 6500,MH,23,Red 3,6500,Yes,Yes,1,0,,,6,0,,Not this match,,Fourth Bar,45,,Did not stop,Didn't break,,,,,,
14b040a5-16d8-49e7-9c08-8b005c4c5367,2022-03-26T20:39:14.156Z,2022-03-27T00:34:37.000Z,Sowji 6500,Sowji,29,Blue 2,6500,Yes,Yes,0,0,,,3,0,,Not this match,,Fourth Bar,,,Did not stop,Didn't break,,,,,,
7c8e936a-e8ab-408b-b3c4-5affa5bf3550,2022-03-26T21:05:06.541Z,2022-03-27T00:38:01.000Z,Benjamin Beach 6500,Benjamin Beach,33,Red 2,6500,Yes,Yes,1,0,,,0,2,,Not this match,,Fourth Bar,40,,Did not stop,Didn't break,,,,nul,4,15
e617cb11-3653-4d65-a96d-25b1a38c8f51,2022-03-26T20:47:16.386Z,2022-03-27T00:39:01.000Z,Audi 6500,Audi,38,Red 1,6500,Yes,Yes,0,0,,,,4,,Not this match,,Fourth Bar,45,,Did not stop,Didn't break,,,,nul,4,15
5d38ce89-8600-4709-b39a-f56298639c21,2022-03-26T22:27:03.556Z,2022-03-27T00:38:04.000Z,Angela 6500,Angela,44,Blue 3,6500,Yes,Yes,0,1,,,,1,,Not this match,,Fourth Bar,45 approx,4 bounced out,Did not stop,Didn't break,,,,nul,4,15
d8c082e4-83ab-43f7-87a2-f2910ec261c5,2022-03-26T14:18:00.468Z,2022-03-26T17:48:11.000Z,Bhavya 6500,Bhavya,Practice 5,Blue 3,6500,Yes,Yes,4,0,,,2,0,,Not this match,,,28,,Did not stop,Didn't break,,,,,,
e5e5f761-2379-4e8d-be17-f353a286f949,2022-03-26T15:16:56.275Z,2022-03-26T17:48:25.000Z,MH 6502,MH,2,Blue 3,6502,Yes,Yes,1,0,,,5,0,,Not this match,,No climb,,I missed the end they missed 2 balls early,Did not stop,Didn't break,,,,,,
046b5728-4d36-438b-a4f0-d58d5797d802,2022-03-26T15:54:17.684Z,2022-03-26T17:51:14.000Z,Caehlin 6502,Caehlin,6,Red 3,6502,Yes,Yes,1,,,,14,0,,Not this match,,No climb,,"Incredibly consistent and fast, primarily focuses on collecting cargo and shooting from afar.",Did not stop,Didn't break,,,,,,
bdc68371-8cb2-4d80-9cf3-123a37c670e3,2022-03-26T18:08:25.134Z,2022-03-27T00:33:38.000Z,Anoop 6502,Anoop,15,Blue 2,6502,Yes,Yes,1,,,,9,,,Not this match,,No climb,,"A few bounced out, a lot bounced in however",Did not stop,Didn't break,,"Really fast, good at aiming, only a few misses",,,,
f06c05e2-fb03-4f4f-acd8-fb72d3509e81,2022-03-26T19:36:03.973Z,2022-03-27T00:34:17.000Z,Ann 6502,Ann,24,Blue 2,6502,Yes,Yes,1,0,,,10,,,Not this match,,No climb,,,Did not stop,Didn't break,,,,,,
23933145-4442-4996-a4b5-c951b68692e2,2022-03-26T20:45:28.955Z,2022-03-27T00:34:33.000Z,Sowji 6502,Sowji,31,Blue 2,6502,Yes,,1,,,,4,,,,,No climb,,,Did not stop,Didn't break,,,,nul,0,0
3542743f-7288-481f-9f97-477fc252b67a,2022-03-26T21:25:06.087Z,2022-03-27T00:37:44.000Z,Duncan 6502,Duncan,36,Blue 3,6502,Yes,Yes,0,0,,,5,0,,Not this match,,No climb,,,Did not stop,Didn't break,,,,nul,0,0
67a2ec39-fb76-4ae0-a825-8c74423e8e60,2022-03-26T21:04:23.323Z,2022-03-27T00:39:11.000Z,Jeremy 6502,Jeremy,40,Red 1,6502,Yes,Yes,1,,,,11,0,,Not this match,,No climb,,,Did not stop,Didn't break,,,,nul,0,0
d2357eb2-25f0-4f42-bd1f-a16207c1880a,2022-03-26T22:34:11.914Z,2022-03-27T00:39:34.000Z,MH 6502,MH,44,Red 2,6502,Yes,Yes,1,0,,,6,0,,Not this match,,No climb,,,Did not stop,Didn't break,,,,nul,0,0
17b590b4-1956-43c0-814b-f61028fc000e,2022-03-26T14:17:55.223Z,2022-03-26T17:50:15.000Z,Benjamin Beach 6502,Benjamin Beach,P5,Red 3,6502,Yes,Yes,2,0,,,14,0,,Not this match,,No climb,,,Did not stop,Didn't break,,,,,,
ba7b9e03-add9-4d6d-8b3e-c957fd0c3c00,2022-03-26T15:26:57.757Z,2022-03-26T17:50:39.000Z,Caehlin 6639,Caehlin,4,Red 3,6639,No,,,,,,,,,,,,,,,,,,,,,
cc0c23be-86a6-4805-84bc-c2c5636b753d,2022-03-26T16:37:37.231Z,2022-03-26T17:51:51.000Z,Rithika revur 6639,Rithika revur,11,Blue 1,6639,Yes,No,0,0,,,0,0,,Yes (Getting fouls),Not Effective,No climb,,,For most of the match,While defending or being defended by another bot,The bot stopped working in most of the match. They robot started working at the last 30 seconds.,When defending their robot stopped working.,,,,
81f163fc-c1ab-4e44-abfc-3cd8fb02840f,2022-03-26T18:23:57.979Z,2022-03-27T00:36:33.000Z,James 6639,James,16,Red 2,6639,Yes,No,0,0,,,0,0,,Yes (Getting fouls),"Mostly effective, Avoids Fouls",No climb,,"Wiggly and wobbly. They have a low goal bucket, but didn't use it.",Did not stop,Didn't break,,No auto (not even taxi),,,,
e14ce99b-c8f1-4cc9-897c-2184deb3e887,2022-03-26T17:58:18.267Z,2022-03-27T00:37:40.000Z,Laith 6639,Laith,19,Red 1,6639,Yes,No,0,0,,,0,0,,Yes (Getting fouls),Mostly effective,No climb,,Could climb with everybot climber but they did it wrong,Did not stop,Didn't break,,"Pretty good defense, nothing too amazing though",,,,
fe88b259-7dc8-4cca-9c07-ff29e3377fa7,2022-03-26T19:15:41.384Z,2022-03-27T00:34:13.000Z,Benjamin Beach 6639,Benjamin Beach,22,Red 3,6639,Yes,No,0,0,,,0,0,,Yes (Getting fouls),"Not Effective, Gets multiple fouls",No climb,,,Did not stop,Didn't break,,,,,,
1fc4297d-7fe7-4379-8f3d-961e5382f361,2022-03-26T20:05:26.963Z,2022-03-27T00:36:23.000Z,Rowan 6639,Rowan,27,Blue 1,6639,Yes,No,0,0,,,0,1,,Yes (Getting fouls),Not Effective,No climb,,"POOR VISIBILITY POSSIBLY BAD DATA Attempted level 2 climb, tilted off, were playing with defense foul yellow card,",Did not stop,Didn't break,,,,,,
71440cb1-6017-46d6-8082-e7ea22f50a0e,2022-03-26T21:25:15.680Z,2022-03-27T00:34:48.000Z,Sowji 6639,Sowji,36,Blue 2,6639,Yes,No,,,,,,,,Yes (Getting fouls),,No climb,,,For less than 15 seconds,In the beginning of the match,,,,nul,0,0
d938e211-e554-408c-84f3-1b942318cfc3,2022-03-26T22:06:00.736Z,2022-03-27T00:37:57.000Z,Duncan 6639,Duncan,41,Blue 3,6639,Yes,No,0,0,,,0,0,,Yes (Getting fouls),,No climb,,,Did not stop,Didn't break,,,,nul,0,0
eeb4c50b-255f-42c2-9496-cca2ac9977e3,2022-03-26T15:23:05.963Z,2022-03-26T17:48:28.000Z,MH 7443,MH,3,Blue 3,7443,Yes,Yes,1,0,,,1,0,,Yes (Getting fouls),Mostly effective,Second Bar,25,,Did not stop,Didn't break,,,,,,
d15006ca-89a9-462f-8b02-460707690d4a,2022-03-26T18:18:36.265Z,2022-03-27T00:34:00.000Z,Caehlin 7443,Caehlin,16,Red 3,7443,Yes,Yes,0,0,,,7,0,,Not this match,,Second Bar,30,,For less than 15 seconds,In the beginning of the match,,,,,,
5865fafd-2a5d-4feb-93c7-dbdc41ac9589,2022-03-26T19:07:49.570Z,2022-03-27T00:36:54.000Z,Alex 7443,Alex,21,Blue 3,7443,Yes,Yes,2,0,,,10,0,,Not this match,Avoids Fouls,No climb,,A few got knocked out by other balls,Did not stop,Didn't break,,,,,,
a780ca02-b662-4606-974f-90fe0023daae,2022-03-26T19:44:42.021Z,2022-03-27T00:36:16.000Z,Rowan 7443,Rowan,25,Blue 1,7443,Yes,Yes,1,0,,,6,0,,Not this match,,No climb,,,Did not stop,Didn't break,,,,,,
ea4988b4-11f6-48b7-9035-dd57710f4433,2022-03-26T20:19:17.775Z,2022-03-27T00:37:34.000Z,Benjamin Beach 7443,Benjamin Beach,28,Red 2,7443,Yes,Yes,0,0,,,5,0,,Not this match,,Second Bar,,,Did not stop,Didn't break,,,,,,
6fd75606-4f38-43b4-a331-3c76934f2c8e,2022-03-26T21:20:36.115Z,2022-03-27T00:38:03.000Z,Benjamin Beach 7443,Benjamin Beach,35,Red 2,7443,Yes,Yes,1,0,,,6,0,,Not this match,,No climb,15,,Did not stop,Didn't break,,,,nul,0,0
557bd745-584c-4b5b-a71e-cc2140c870f1,2022-03-26T22:42:12.405Z,2022-03-27T00:37:23.000Z,Ritvik 7443,Ritvik,46,Blue 1,7443,Yes,Yes,0,0,,,1,1,,Not this match,,Second Bar,10,,Did not stop,Didn't break,,,,nul,2,6
dd7743b3-8937-4daa-92d1-7d757d95178f,2022-03-26T15:16:58.301Z,2022-03-26T17:47:19.000Z,Anoop 7671,Anoop,2,Blue 2,7671,Yes,Yes,1,,,,0,2,,Yes (Getting fouls),"Mostly effective, Not Effective",No climb,19,"The climber was on the lowest bar, but the robot was not off the ground",Did not stop,Didn't break,,Movement is Shakey when it stops,,,,
b4482d7c-1a35-448e-a9df-437d4d8405c7,2022-03-26T15:30:37.582Z,2022-03-26T17:51:40.000Z,Seshu 7671,Seshu,10,Red 1,7671,Yes,Yes,0,1,,,,1,,Not this match,,,,,Did not stop,Another time,Climber hooks seem to broken,,,,,
8f39184a-f65e-4d85-99e2-5bc9de89c616,2022-03-26T18:12:25.122Z,2022-03-27T00:36:29.000Z,Aj 7671,Aj,15,Red 2,7671,Yes,Yes,0,0,,,,6,,Not this match,,No climb,15,,Did not stop,Didn't break,,,,,,
1625bda8-69a6-4365-b80e-0bdd530dcfe8,2022-03-26T18:59:49.418Z,2022-03-27T00:34:04.000Z,Anoop 7671,Anoop,20,Blue 2,7671,Yes,Yes,,1,,,0,4,,Not this match,,No climb,30,Hunger on 2nd but didn't lift off ground,Did not stop,Didn't break,,,,,,
ebb89d22-5cf1-48d9-a9c8-e2dcf48c4e2e,2022-03-26T19:29:41.273Z,2022-03-27T00:36:14.000Z,Angela 7671,Angela,23,Blue 1,7671,Yes,Yes,0,,,,,2,,Not this match,,Second Bar,30,,Did not stop,Didn't break,,,,,,
7bc0793e-2403-4606-a555-07e8abe65337,2022-03-26T20:14:59.046Z,2022-03-27T00:34:25.000Z,Laith 7671,Laith,28,Red 3,7671,Yes,Yes,1,0,,Attempt at low ball,0,2,,Not this match,,No climb,,,For most of the match,Another time,Stopped moving halfway through match,Weird system,,,,
a95a17b2-c7b1-4a82-ab56-cae744b15edc,2022-03-26T21:09:15.299Z,2022-03-27T00:34:39.000Z,Uditi 7671,Uditi,34,Red 3,7671,Yes,Yes,0,0,,,0,2,,Not this match,,No climb,,,Did not stop,Didn't break,,,,nul,0,0
59e4ef16-953b-4c05-a091-b963046f0bde,2022-03-26T22:10:38.294Z,2022-03-27T00:39:03.000Z,Benjamin Beach 7671,Benjamin Beach,41,Red 2,7671,Yes,No,0,0,,,0,0,,Not this match,,,,,Did not stop,Didn't break,,,,nul,nul,nul
6699727f-c2d3-4b24-93b8-149104efb63b,2022-03-26T22:42:01.329Z,2022-03-27T00:35:03.000Z,Jeremy 7671,Jeremy,46,Red 3,7671,Yes,Yes,0,1,,,0,1,,Yes (Getting fouls),,No climb,,,Did not stop,Didn't break,,,,nul,0,0
3a0e1e4a-e3dd-45f8-b03c-4ce24a8bb154,2022-03-26T14:32:38.811Z,2022-03-26T17:50:46.000Z,Bhavya 7671,Bhavya,Practice 6,Blue 1,7671,Yes,Yes,0,5,,Robot moves very slowly,0,1,,Not this match,,Second Bar,23,Barely left the ground,Did not stop,Didn't break,,,,,,
6ed2be56-c09a-488c-b94b-bd4723bf98d4,2022-03-26T14:33:28.888Z,2022-03-26T17:48:14.000Z,Uditi 7671,Uditi,Practice Match 6,Red 3,7671,Yes,Yes,0,0,,,0,8,,Not this match,,First Bar (lowest),10sec,Sometimes their climb isn't counted,Did not stop,Didn't break,,,,,,
1e0da720-4199-41ef-b709-4c0c66cc1b91,2022-03-26T16:24:29.217Z,2022-03-26T17:51:48.000Z,Gavin.H 7890,Gavin.H,10,Blue 1,7890,Yes,Yes,1,,,First ball bounced out,6,1,,Not this match,,Third Bar,,Was chased by a defense bot half the match,Did not stop,Didn't break,,,,,,
ba260971-c0a7-47dc-97f1-ddeae869608f,2022-03-26T16:24:14.387Z,2022-03-26T16:24:27.000Z,Flynn 7890,Flynn,10,Blue bot (Not sure which),7890,Yes,Yes,,1,,,6,1,,Not this match,,Second Bar,23,,Did not stop,Didn't break,,Very fast.,,,,
9ae68980-33f7-4b66-9862-5c4a8bd6d7e9,2022-03-26T18:52:23.154Z,2022-03-27T00:34:02.000Z,Anoop 7890,Anoop,19,Blue 2,7890,Yes,Yes,2,,,,5,0,,Not this match,,Third Bar,18,A few misses,Did not stop,Didn't break,,,,,,
00e890bb-e5d6-4ae9-b4b4-d08dae2a8f7c,2022-03-26T19:54:01.132Z,2022-03-27T00:34:22.000Z,Anoop 7890,Anoop,26,Blue 2,7890,Yes,Yes,1,,,,8,0,,Not this match,,Second Bar,9,,Did not stop,Didn't break,,,,,,
e12146cc-486b-464f-8e5e-62235ae10025,2022-03-26T20:44:38.855Z,2022-03-27T00:34:32.000Z,Uditi 7890,Uditi,31,Red 3,7890,Yes,Yes,1,0,,,8,0,,Not this match,,Third Bar,30 sec,,Did not stop,Didn't break,,,,nul,3,10
61152e74-5083-4a92-a751-d01ab15ea6cf,2022-03-26T20:39:47.935Z,2022-03-27T00:38:57.000Z,Audi 7890,Audi,37,Red 1,7890,Yes,Yes,1,0,,,5,0,,Not this match,,Third Bar,12,Great at high cycles,Did not stop,Didn't break,,,,,,
1e23f633-f14d-4d69-ba67-cfa49457995c,2022-03-26T22:05:41.058Z,2022-03-27T00:34:53.000Z,Gavin.H 7890,Gavin.H,41,Red 3,7890,Yes,Yes,2,0,,,4,,,Not this match,,Second Bar,25,Multiple bounce out,Did not stop,Didn't break,,,,nul,2,6
edc0940c-572f-4d77-91c0-f5ae2c0265a2,2022-03-26T22:33:21.978Z,2022-03-27T00:35:01.000Z,Jeremy 7890,Jeremy,45,Red 3,7890,Yes,Yes,1,0,,,6,0,,Not this match,,Third Bar,,,Did not stop,Didn't break,,,,nul,3,10
3577a2da-6576-49ee-859d-f913fa0db224,2022-03-26T14:28:33.653Z,2022-03-26T17:51:17.000Z,Gray 8090,Gray,3,Red 1,8090,Yes,Yes,,,,,0,0,,Yes (Getting fouls),"Mostly effective, Avoids Fouls",No climb,,,Did not stop,Didn't break,,,,,,
671a1fb0-9da9-45f5-910f-c9544fd8435f,2022-03-26T15:24:41.290Z,2022-03-26T17:51:38.000Z,Seshu 8090,Seshu,9,Red 1,8090,Yes,Yes,,,,,,,,Yes (Getting fouls),Not Effective,,Tried climbing first but toching the ground,,,,,Can climb with everybody but failed this round,,,,
8b88b3e0-9708-47d1-ac40-f86bf4b4aebb,2022-03-26T17:36:54.653Z,2022-03-27T00:37:32.000Z,Laith 8090,Laith,17,Red 1,8090,Yes,Yes,0,0,,,0,0,,Yes (Getting fouls),Avoids Fouls,No climb,,Attempted everybot climb,Did not stop,Didn't break,,"Defense was okay, couldn't climb",,,,
fa82fa39-8b44-42b0-8f0d-3bc49c123ca0,2022-03-26T19:45:23.661Z,2022-03-27T00:34:19.000Z,Laith 8090,Laith,25,Red 3,8090,Yes,No,0,0,,,0,0,,Yes (Getting fouls),Avoids Fouls,No climb,,Could climb but didn't,Did not stop,Didn't break,,Their defense was okay at best and they didn't use the everybot climber they had,,,,
779df6d2-cc75-4ef8-b51a-0b5a84748d05,2022-03-26T20:17:56.844Z,2022-03-27T00:34:27.000Z,MH 8090,MH,28,Blue 2,8090,Yes,No,0,0,,,0,0,,Not this match,,No climb,,,Did not stop,Didn't break,,,,,,
f8d3ccfb-8737-4cb3-a3dc-510312ce4bbc,2022-03-26T20:58:12.177Z,2022-03-27T00:37:59.000Z,Benjamin Beach 8090,Benjamin Beach,32,Red 2,8090,Yes,No,0,0,,,0,0,,Yes (Getting fouls),,Second Bar,15,,Did not stop,,,,,nul,2,6
709c106b-8158-47a9-8a5a-f44132576577,2022-03-26T21:12:38.356Z,2022-03-27T00:39:13.000Z,Uditi 8090,Uditi,41,Red 1,8090,Yes,No,0,0,,,0,1,,Yes (Getting fouls),,No climb,,,Did not stop,Didn't break,,,,nul,0,0
a4d1f40b-7a9c-4cfc-8fea-d5d3922c9624,2022-03-26T22:44:11.797Z,2022-03-27T00:38:11.000Z,Angela 8090,Angela,46,Blue 3,8090,Yes,Yes,,,,,0,0,,Yes (Getting fouls),,Second Bar,,,,,,,,nul,2,6
104baee6-d974-4cd6-b046-bede137ed569,2022-03-26T15:29:15.544Z,2022-03-26T17:51:01.000Z,Uditi 830466,Uditi,3,Red 2,8304,Yes,Yes,0,0,,,2,2,,Not this match,Avoids Fouls,Second Bar,20 sec,,Did not stop,Didn't break,,,,,,
b41d4ae5-b0fa-417e-9cc4-8e127bddebd9,2022-03-26T15:54:15.054Z,2022-03-26T17:51:12.000Z,Nidhi 8304,Nidhi,6,Blue 1,8304,Yes,,,1,,,,,,Not this match,,Second Bar,,,Did not stop,Didn't break,,,,,,
d44cc9cd-9eb8-4bc6-a6b8-19cbb15172ed,2022-03-26T18:52:28.823Z,2022-03-27T00:35:52.000Z,Juliana Ramoin 8304,Juliana Ramoin,19,Blue 1,8304,Yes,Yes,,,,,,,,Not this match,,Second Bar,15,Appeared to be dying battery,,,,,,,,
e6d7a08d-339a-4a1e-bf20-eb90cb87e6bf,2022-03-26T19:16:26.648Z,2022-03-27T00:34:12.000Z,Monica 8304,Monica,22,Blue 2,8304,Yes,I don't know,0,0,,,1,0,,Not this match,Not Effective,First Bar (lowest),,,Did not stop,Didn't break,,,,,,
a7bb8d1f-6007-4dac-bb59-113fec7a6363,2022-03-26T20:04:26.087Z,2022-03-27T00:37:15.000Z,Ann 8304,Ann,27,Blue 3,8304,Yes,Yes,1,0,,,0,0,,Not this match,,Second Bar,More than 30,,Did not stop,Didn't break,,,,,,
85ecca10-40a5-4009-9ad3-990213ebc2d1,2022-03-26T21:01:24.798Z,2022-03-27T00:34:36.000Z,Uditi 8304,Uditi,33,Red 3,8304,Yes,Yes,0,2,,,1,0,,Not this match,,,20 sec,,,,,,,nul,nul,nul
204171c6-edd8-4ed2-a02f-f3382e4b2931,2022-03-26T20:56:06.860Z,2022-03-27T00:39:03.000Z,Jeremy 8304,Jeremy,39,Red 1,8304,Yes,Yes,,0,,,0,2,,Not this match,,Second Bar,10,,Did not stop,Didn't break,,,,nul,2,6
14c3c960-3f8f-4e4f-bd6b-f368b975fa67,2022-03-26T21:33:55.225Z,2022-03-27T00:39:31.000Z,Monica 8304,Monica,44,Red 1,8304,Yes,No,0,0,,,0,0,,Not this match,Not Effective,No climb,,,Did not stop,Didn't break,,,,-1,0,0
ef55364a-5fb2-4fe5-94e0-10568f1ff06d,2022-03-26T15:45:22.745Z,2022-03-26T17:50:42.000Z,Caehlin 8429,Caehlin,5,Red 3,8429,Yes,Yes,0,2,,"Loaded one ball in top for auto, appear to be a top heavy bot",,5,,Not this match,,No climb,30,"Can pick two at once, semi consistent",Did not stop,Didn't break,,"Very slow climber, couldn't quite get into second bar. Took too long to extend",,,,
6a833e04-df0d-4341-924a-50338c3472ca,2022-03-26T15:15:09.433Z,2022-03-26T17:51:36.000Z,Seshu 8429,Seshu,8,Red 1,8429,Yes,Yes,,,,,,,,Not this match,,No climb,,,For the whole match,,,Robot stopped for teleop,,,,
f766dfb9-b795-4d91-917b-998973ea4f0f,2022-03-26T17:13:28.237Z,2022-03-27T00:37:19.000Z,Laith 8429,Laith,15,Red 1,8429,Yes,Yes,0,1,,,0,0,,Not this match,,No climb,,,For most of the match,In the beginning of the match,Robot didn't move after auto,Comms error I believe,,,,
695c1320-7990-4929-b1bc-a35a9306912b,2022-03-26T19:21:28.234Z,2022-03-27T00:36:48.000Z,MH 8429,MH,22,Red 2,8429,Yes,Yes,0,1,,,0,4,,Not this match,,No climb,20,,Did not stop,Didn't break,,,,,,
8e4dd37c-7b26-4ddd-80c2-1a9370493eb6,2022-03-26T20:15:08.295Z,2022-03-27T00:37:17.000Z,Sowji 8429,Sowji,28,,8429,Yes,Yes,,,,,,7,,,,Second Bar,,,,,,,,,,
82ba717e-ba38-429b-8d31-9cb06592d47f,2022-03-26T20:53:05.792Z,2022-03-27T00:36:38.000Z,Lizzie 8429,Lizzie,32,Blue 1,8429,Yes,Yes,,,,,,,,,,,,,,,,Standing yellow card plus weird ineffective intake design,,nul,nul,nul
8693e46d-c148-4932-9c86-36a20a320e53,2022-03-26T21:38:16.362Z,2022-03-27T00:38:19.000Z,Benjamin Beach 8429,Benjamin Beach,37,Red 2,8429,Yes,Yes,0,0,,,0,0,,Yes (Getting fouls),Very effective,No climb,,,Did not stop,,,,,2,0,0
6155ae63-464f-4d63-9e71-cb7d37a14448,2022-03-26T14:02:23.113Z,2022-03-26T17:50:01.000Z,Benjamin Beach 8429,Benjamin Beach,P4,,8429,Yes,Yes,0,0,,,0,0,,Yes (Getting fouls),"Mostly effective, Avoids Fouls",No climb,,Robot bucks when stopping,Did not stop,Didn't break,,,,,,
7790a5bd-e035-4a63-9da5-362519726367,2022-03-26T15:58:54.729Z,2022-03-26T17:48:47.000Z,Benjamin Beach 8634,Benjamin Beach,7,Blue 3,8634,Yes,Yes,0,0,,,0,0,,Yes (Getting fouls),Mostly effective,Fourth Bar,70,,Did not stop,Didn't break,,,,,,
414e1af6-e824-4d9c-8d7a-b41632ba396b,2022-03-26T16:51:11.534Z,2022-03-26T17:51:25.000Z,MH 8634,MH,12,Red 2,8634,Yes,Yes,0,0,,,0,0,,Yes (Getting fouls),,Fourth Bar,48,,Did not stop,Didn't break,,,,,,
bfc64ec2-49a6-41cb-bd41-3b13ce928125,2022-03-26T18:31:03.688Z,2022-03-27T00:36:44.000Z,Bella 8634,Bella,17,Blue 3,8634,Yes,Yes,,,,,,,,Yes (Getting fouls),"Avoids Fouls, Mostly effective",Fourth Bar,60 took 30,,Did not stop,Didn't break,,,,,,
47f1f610-4c0e-4a97-955a-b94ff24c3dc2,2022-03-26T19:39:41.893Z,2022-03-27T00:37:17.000Z,Benjamin Beach 8634,Benjamin Beach,24,Red 2,8634,Yes,Yes,0,0,,,0,0,,Yes (Getting fouls),Not Effective,No climb,,,Did not stop,While defending or being defended by another bot,Got tipped over,,,,,
76ce5882-6f0c-4bc4-97bd-1c83d645c14e,2022-03-26T19:22:05.814Z,2022-03-27T00:38:23.000Z,Duncan 8634,Duncan,28,Red 1,8634,Yes,Yes,0,0,,,0,0,,Yes (Getting fouls),"Not Effective, Avoids Fouls",Fourth Bar,35ish,,Did not stop,Didn't break,,,,,,
c6c2d0c6-4e60-4f01-b67b-acea55fa93b0,2022-03-26T20:53:20.152Z,2022-03-27T00:37:35.000Z,MH 8634,MH,32,Blue 3,8634,Yes,Yes,0,0,,,0,0,,Yes (Getting fouls),,Fourth Bar,45,Mostly defended on a defense bot,Did not stop,Didn't break,,,,nul,4,15
4a6eec99-f804-4c11-8a7a-e3f0ee47b2d7,2022-03-26T21:21:09.685Z,2022-03-27T00:39:19.000Z,Uditi 8634,Uditi,42,Red 1,8634,Yes,Yes,0,0,,,0,0,,Yes (Getting fouls),,Fourth Bar,40 sec,,Did not stop,Didn't break,,Can only climb but climbs well,,nul,4,15
f686751b-954a-441b-aa65-5676e42fd6d4,2022-03-26T15:22:57.045Z,2022-03-26T17:47:21.000Z,Anoop 8738,Anoop,3,Blue 2,8738,Yes,Yes,0,0,,Missed high shot,2,2,,Not this match,,No climb,19,Missed a lot of balls,Did not stop,Didn't break,,Missed a lot on both goals,,,,
eac06471-4a35-4025-bad4-e35712afb9ed,2022-03-26T15:43:02.373Z,2022-03-26T17:51:43.000Z,Sanjay 8738,Sanjay,11,Red 1,8738,Yes,Yes,1,0,,Climbed first level,0,,,Not this match,,First Bar (lowest),,,Did not stop,Didn't break,,,,,,
fb26cfd9-fe0f-4e34-8e81-2cfd678d63a4,2022-03-26T18:09:15.440Z,2022-03-27T00:33:55.000Z,Caehlin 8738,Caehlin,15,Red 3,8738,Yes,Yes,0,,,Missed high goal auto,0,0,,Not this match,,First Bar (lowest),50,Shooter seems to be falling short if the high goal,Did not stop,Didn't break,,Struggled to get on second bar. They got their hooks onto the bar but struggled to pull themselves up onto it. Wasted a lot of time.,,,,
69e24374-7edc-4b64-b6d6-0ce3cb5cd98b,2022-03-26T19:08:58.820Z,2022-03-27T00:34:11.000Z,Benjamin Beach 8738,Benjamin Beach,21,Red 3,8738,Yes,Yes,1,0,,,1,0,,Yes (Getting fouls),Mostly effective,No climb,,,Did not stop,Didn't break,,,,,,
ea3e2e2c-b8ed-44d9-98e0-68e078092f89,2022-03-26T19:53:15.840Z,2022-03-27T00:36:21.000Z,Rowan 8738,Rowan,26,Blue 1,8738,Yes,Yes,0,0,,,0,0,,Yes (Getting fouls),,,58 lined until 30,,Did not stop,Didn't break,,,,,,
5cf56b2d-208e-4511-a17f-f8e624d6816e,2022-03-26T19:59:32.686Z,2022-03-27T00:38:40.000Z,James 8738,James,32,Red 1,8738,Yes,Yes,0,0,,,0,0,,Not this match,,No climb,,Inconsistent climbing and shooting,Did not stop,Didn't break,,Shooter shot way too high and not far enough,,,,
d1b00add-68c1-488a-ab32-7822793cb370,2022-03-26T21:59:04.616Z,2022-03-27T00:37:10.000Z,Alex 8738,Alex,40,Blue 1,8738,Yes,Yes,0,0,,,0,2,,Not this match,,No climb,,,Did not stop,Didn't break,,,,nul,0,0
4670000b-10bd-4429-976e-83af0460073f,2022-03-26T22:19:36.656Z,2022-03-27T00:35:07.000Z,Bhavya 8738,Bhavya,43,Blue 2,8738,Yes,Yes,1,0,,,1,2,,Yes (Getting fouls),,No climb,,,Did not stop,Didn't break,,,,nul,0,0
6ecd378c-4d99-4c61-87a2-1c28fad218d9,2022-03-26T15:50:01.368Z,2022-03-26T17:51:07.000Z,Monica 8746,Monica,5,Red 2,8746,Yes,No,0,0,,,0,0,,Yes (Getting fouls),Mostly effective,No climb,,,Did not stop,Didn't break,,,,,,
87d8970a-67cf-40b1-b15a-eb346d053760,2022-03-26T16:16:32.072Z,2022-03-26T17:51:21.000Z,Duncan 8746,Duncan,9,Red 3,8746,Yes,Yes,,,,,0,0,,Yes (Getting fouls),"Mostly effective, Avoids Fouls",No climb,,,Did not stop,Didn't break,,,,,,
7f3a4df9-a6ec-4023-95e5-03e925286a0d,2022-03-26T16:45:12.326Z,2022-03-26T17:47:50.000Z,Audi 8746,Audi,13,Blue 2,8746,Yes,Yes,0,0,,,0,0,,Yes (Getting fouls),"Very effective, Got 1 foul",No climb,,,Did not stop,Didn't break,,,,,,
ef00c8dc-3af7-4b8d-9b9b-d9076b908a5d,2022-03-26T18:59:03.878Z,2022-03-27T00:36:05.000Z,Sanjay 8746,Sanjay,20,Blue 1,8746,Yes,,,,,,,,,Yes (Getting fouls),Mostly effective,,,,Did not stop,Didn't break,,,,,,
a2782603-ee96-48d6-ab17-9f540eb9d6ae,2022-03-26T19:35:44.459Z,2022-03-27T00:34:17.000Z,MH 8746,MH,24,Red 3,8746,Yes,Yes,0,0,,,0,0,,Yes (Getting fouls),"Mostly effective, Avoids Fouls",No climb,,,Did not stop,Didn't break,,,,,,
a81ae7dd-1efd-46a0-a410-385caf125988,2022-03-26T20:23:48.035Z,2022-03-27T00:37:21.000Z,Sowji 8746,Sowji,29,Blue 3,8746,Yes,Yes,,,,,,,,Yes (Getting fouls),Mostly effective,No climb,,,Did not stop,Didn't break,,,,,,
5e432f9f-289d-4a54-9a36-a5a9fdd69a48,2022-03-26T21:00:53.779Z,2022-03-27T00:36:41.000Z,Mh 8746,Mh,33,Blue 1,8746,Yes,Yes,0,0,,,0,0,,Yes (Getting fouls),,No climb,,,Did not stop,Didn't break,,,,nul,0,0
35356d75-5591-46e3-b953-46bb9581c009,2022-03-26T21:33:09.256Z,2022-03-27T00:34:50.000Z,Sowji 8746,Sowji,37,Blue 2,8746,Yes,,,,,,,,,Yes (Getting fouls),Mostly effective,No climb,,,Did not stop,Didn't break,,,,1,0,0
e1d2a0b3-89bf-4e29-b660-0c4c4c3c36c9,2022-03-26T22:27:12.521Z,2022-03-27T00:35:11.000Z,Sally gso 8746,Sally gso,44,Blue 2,8746,Yes,Yes,0,0,,,0,0,,Yes (Getting fouls),,No climb,,,For more than 15 seconds but less than half the match,,,,,nul,0,0
c444519b-08d8-478b-8f6e-ffe41945025e,2022-03-26T22:22:22.115Z,2022-03-27T00:35:09.000Z,Bhavya 8746,Bhavya,44,Blue 2,8746,Yes,,,,,,,,,,,,,,,,,,,nul,nul,nul
3bfd9a62-842d-4224-a02e-35ec147ba250,2022-03-26T22:51:30.544Z,2022-03-27T00:38:13.000Z,Angela 8746,Angela,29 replay,Blue 3,8746,Yes,Yes,0,0,,Blue hp landed ball in high goal,,,,Yes (Getting fouls),Mostly effective,,,,Did not stop,Didn't break,,,,1,nul,nul
4a8083a2-9b2d-48e1-8642-75b6da70edec,2022-03-26T15:46:40.602Z,2022-03-26T17:51:09.000Z,Nidhi 8757,Nidhi,5,Blue 1,8757,Yes,No,1,0,,,,,,Yes (Getting fouls),Mostly effective,No climb,,,Did not stop,Didn't break,,,,,,
3211927c-b2a2-465b-b706-6a12c9ace5b5,2022-03-26T16:12:52.664Z,2022-03-26T17:48:52.000Z,MH 8757,MH,8,Blue 2,8757,Yes,No,0,0,,,0,0,,Yes (Getting fouls),"Very effective, Gets multiple fouls",No climb,,,Did not stop,Didn't break,,,,,,
9decd6a7-4dcd-4520-96fe-0ceb9ad72faa,2022-03-26T16:44:19.543Z,2022-03-26T17:49:19.000Z,Duncan 8757,Duncan,12,Blue 3,8757,Yes,Yes,0,0,,,0,0,,Yes (Getting fouls),Not Effective,,,,For most of the match,While defending or being defended by another bot,Radio fell out lol,,,,,
3f7494c3-8c38-47a3-83c9-3f01154825b4,2022-03-26T18:35:49.310Z,2022-03-27T00:36:35.000Z,James 8757,James,17,Red 2,8757,Yes,No,,0,,,0,0,,Yes (Getting fouls),Not Effective,No climb,,,Did not stop,Didn't break,,"No auto, defence bot",,,,
3a3110bf-6134-4a13-a045-bcf449d99f4c,2022-03-26T19:16:00.213Z,2022-03-27T00:36:14.000Z,Sanjay 8757,Sanjay,22,Blue 1,8757,Yes,Yes,,,,,,,,Yes (Getting fouls),Not Effective,,,,Did not stop,Didn't break,,,,,,
3b81167e-555f-4db8-8310-7463ddc77fec,2022-03-26T20:41:39.574Z,2022-03-27T00:37:51.000Z,Benjamin Beach 8757,Benjamin Beach,30,Red 2,8757,Yes,No,0,0,,,0,0,,Yes (Getting fouls),Mostly effective,,,,Did not stop,Didn't break,,,,1,nul,nul
4ca96cf8-ac63-4091-91b6-c00ab59b1a58,2022-03-26T21:16:29.078Z,2022-03-27T00:37:40.000Z,Duncan 8757,Duncan,35,Blue 3,8757,Yes,No,0,0,,,0,0,,Yes (Getting fouls),Mostly effective,No climb,,"Eh got stuck some, did p good blockin tho",Did not stop,Didn't break,,,,1,0,0
28fb3f88-3c71-4459-aeaa-60c33244d1b3,2022-03-26T21:49:45.847Z,2022-03-27T00:34:56.000Z,Bhavya 8757,Bhavya,39,Blue 2,8757,Yes,No,,,,,0,0,,Yes (Getting fouls),Mostly effective,No climb,,,Did not stop,Didn't break,,,,1,0,0
24ad78da-9bb0-41d7-9df5-32de00383788,2022-03-26T21:39:18.713Z,2022-03-27T00:39:38.000Z,Monica 8757,Monica,45,Red 1,8757,Yes,Yes,0,0,,,0,0,,Yes (Getting fouls),,No climb,,,Did not stop,Didn't break,,,,nul,0,0